"time","ip","ref_host","ref_ok","tok_ok","kw","ts"
"2025-08-14T15:36:22+02:00","::1","","","0","Probe","999"
"2025-08-14T16:35:09+02:00","::1","","","0","Probe","999"
"2025-08-14T16:37:20+02:00","::1","","","0","Probe","999"
"2025-08-14T17:43:56+02:00","::1","","","1","",""
"2025-08-14T17:53:38+02:00","::1","","","1","How Much are Remote Access Software","1755186804757"
"2025-08-14T18:01:01+02:00","::1","","","1","Remote Access Software Price","1755187258772"
"2025-08-14T18:11:38+02:00","::1","","","1","Remote Access Software Price","1755187895881"
"2025-08-14T18:12:13+02:00","::1","","","1","Remote Access Software Price","1755187895881"
"2025-08-14T18:12:38+02:00","::1","","","1","Remote Jobs Price","1755187946719"
"2025-08-14T19:28:22+02:00","::1","","","0","Probe","999"
